<?xml version="1.0" encoding="UTF-8"?>
<!-- Produced by Beyond Compare 4 from Scooter Software -->
<BCSessions Version="1" MinVersion="1">
	<TSessionFolder>
		<Items>
			<TSessionFolder>
				<Items>
					<TDirCompareSession Value="mautic &lt;--> mautic-vm">
						<LastModified Value="2022-02-16 10:50:13"/>
						<Rules>
							<ContentCompareKind Value="ccCRC32"/>
							<UseContentComparison Value="True"/>
							<UseTimestampComparison Value="False"/>
						</Rules>
						<Specs>
							<Left Value="C:\Users\tiany\Desktop\111\mautic"/>
							<Right Value="C:\Users\tiany\Desktop\111\mautic-vm"/>
						</Specs>
						<State>
							<DisplayFilter Value="[showLeftAdded, showRightAdded, showLeftChanged, showRightChanged, showConflict]"/>
						</State>
					</TDirCompareSession>
					<TTextCompareSession Value="111.txt &lt;--> 222.txt">
						<LastModified Value="2021-07-22 09:39:52"/>
						<Specs>
							<Left Value="C:\Users\Collin.Xia\Desktop\111.txt"/>
							<Right Value="C:\Users\Collin.Xia\Desktop\222.txt"/>
						</Specs>
					</TTextCompareSession>
					<TTextCompareSession Value="ok.txt &lt;--> not ok.txt">
						<LastModified Value="2021-07-20 11:17:36"/>
						<Specs>
							<Left Value="C:\Users\Collin.Xia\Desktop\ok.txt"/>
							<Right Value="C:\Users\Collin.Xia\Desktop\not ok.txt"/>
						</Specs>
					</TTextCompareSession>
					<TTextCompareSession Value="CI_sync_staging_CI_CONTACT_HISTORY_TO_MA.sas &lt;--> CI_sync_staging_CI_CONTACT_HISTORY_TO_MA.sas.new_20200716">
						<LastModified Value="2021-07-19 15:13:11"/>
						<Specs>
							<Left Value="C:\Users\Collin.Xia\Desktop\1111\CI_sync_staging_CI_CONTACT_HISTORY_TO_MA.sas"/>
							<Right Value="C:\Users\Collin.Xia\Desktop\1111\CI_sync_staging_CI_CONTACT_HISTORY_TO_MA.sas.new_20200716"/>
						</Specs>
					</TTextCompareSession>
					<TTextCompareSession Value="CI_sync_staging_CI_CONTACT_HISTORY_TO_MA.sas.new_20200716 &lt;--> CI_sync_staging_CI_CONTACT_HISTORY_TO_MA.sas.old">
						<LastModified Value="2021-07-16 18:17:33"/>
						<Specs>
							<Left Value="C:\Users\Collin.Xia\Desktop\1111\CI_sync_staging_CI_CONTACT_HISTORY_TO_MA.sas.new_20200716"/>
							<Right Value="C:\Users\Collin.Xia\Desktop\1111\CI_sync_staging_CI_CONTACT_HISTORY_TO_MA.sas.old"/>
						</Specs>
					</TTextCompareSession>
					<TTextCompareSession Value="CI_Sync_History_To_MA_flow_CI_sync_staging_CI_CONTACT_HISTORY_TO_MA_2021.07.16_12.35.50.log &lt;--> CI_Sync_History_To_MA_flow_CI_sync_staging_CI_CONTACT_HISTORY_TO_MA_2021.07.16_12.01.14.log">
						<LastModified Value="2021-07-16 18:17:32"/>
						<Specs>
							<Left Value="C:\Users\Collin.Xia\Desktop\CI_Sync_History_To_MA_flow_CI_sync_staging_CI_CONTACT_HISTORY_TO_MA_2021.07.16_12.35.50.log"/>
							<Right Value="C:\Users\Collin.Xia\Desktop\CI_Sync_History_To_MA_flow_CI_sync_staging_CI_CONTACT_HISTORY_TO_MA_2021.07.16_12.01.14.log"/>
						</Specs>
					</TTextCompareSession>
					<TTextCompareSession Value="CI_sync_staging_CI_CONTACT_HISTORY_TO_MA.sas &lt;--> CI_sync_staging_CI_CONTACT_HISTORY_TO_MA.sas.old">
						<LastModified Value="2021-07-16 14:30:29"/>
						<Specs>
							<Left Value="C:\Users\Collin.Xia\Desktop\CI_sync_staging_CI_CONTACT_HISTORY_TO_MA.sas"/>
							<Right Value="C:\Users\Collin.Xia\Desktop\CI_sync_staging_CI_CONTACT_HISTORY_TO_MA.sas.old"/>
						</Specs>
					</TTextCompareSession>
					<TTextCompareSession Value="CI_Sync_History_To_RTDM_flow_CI_sync_staging_CI_CONTACT_HISTORY_PR_TO_RTDM_2021.07.15_06.27.05.log &lt;--> CI_Sync_History_To_RTDM_flow_CI_sync_staging_CI_CONTACT_HISTORY_PR_TO_RTDM_2021.07.15_11.22.43.log">
						<LastModified Value="2021-07-16 12:44:46"/>
						<Specs>
							<Left Value="C:\Users\Collin.Xia\Desktop\CI_Sync_History_To_RTDM_flow_CI_sync_staging_CI_CONTACT_HISTORY_PR_TO_RTDM_2021.07.15_06.27.05.log"/>
							<Right Value="C:\Users\Collin.Xia\Desktop\CI_Sync_History_To_RTDM_flow_CI_sync_staging_CI_CONTACT_HISTORY_PR_TO_RTDM_2021.07.15_11.22.43.log"/>
						</Specs>
					</TTextCompareSession>
					<TTextCompareSession Value="LSF94_9CKQ1W_70251279_LINUX_X86-64.txt &lt;--> LSF94_9CKQ1X_70251280_LINUX_X86-64.txt">
						<LastModified Value="2021-06-22 10:54:44"/>
						<Specs>
							<Left Value="D:\工作资料\update license\LSF\PROD\LSF94_9CKQ1W_70251279_LINUX_X86-64.txt"/>
							<Right Value="D:\工作资料\update license\LSF\UAT\LSF94_9CKQ1X_70251280_LINUX_X86-64.txt"/>
						</Specs>
					</TTextCompareSession>
					<TTextCompareSession Value="$SAS_Activity_Resource_01.xml &lt;--> $SAS_Activity_Resource_02.xml">
						<LastModified Value="2021-06-04 17:57:29"/>
						<Specs>
							<Left Value="C:\Users\Collin.Xia\Desktop\性能问题\$SAS_Activity_Resource_01.xml"/>
							<Right Value="C:\Users\Collin.Xia\Desktop\性能问题\$SAS_Activity_Resource_02.xml"/>
						</Specs>
					</TTextCompareSession>
					<TTextCompareSession Value="SASDecisionServicesEngine-log4j.xml.new &lt;--> SASDecisionServicesEngine-log4j.xml.new3">
						<LastModified Value="2021-06-03 14:55:16"/>
						<Specs>
							<Left Value="C:\Users\Collin.Xia\Desktop\SASDecisionServicesEngine-log4j.xml.new"/>
							<Right Value="C:\Users\Collin.Xia\Desktop\SASDecisionServicesEngine-log4j.xml.new3"/>
						</Specs>
						<State>
							<DisplayFilter Value="[showLeftMod, showRightMod, showDiffMod]"/>
						</State>
					</TTextCompareSession>
					<TDirCompareSession Value="LogConfig3 &lt;--> LogConfig4">
						<LastModified Value="2021-06-03 14:54:48"/>
						<Rules>
							<ContentCompareKind Value="ccCRC32"/>
							<UseContentComparison Value="True"/>
							<UseTimestampComparison Value="False"/>
						</Rules>
						<Specs>
							<Left Value="C:\Users\Collin.Xia\Desktop\LogConfig3"/>
							<Right Value="C:\Users\Collin.Xia\Desktop\LogConfig4"/>
						</Specs>
						<State>
							<DisplayFilter Value="[showLeftAdded, showRightAdded, showLeftChanged, showRightChanged, showConflict]"/>
						</State>
					</TDirCompareSession>
					<TTextCompareSession Value="SASDecisionServicesEngine-log4j.xml.new &lt;--> SASDecisionServicesEngine-log4j.xml">
						<LastModified Value="2021-06-03 14:54:46"/>
						<Specs>
							<Left Value="C:\Users\Collin.Xia\Desktop\SASDecisionServicesEngine-log4j.xml.new"/>
							<Right Value="C:\Users\Collin.Xia\Desktop\LogConfig4\SASDecisionServicesEngine-log4j.xml"/>
						</Specs>
					</TTextCompareSession>
					<TTextCompareSession Value="SASDecisionServicesEngine-log4j.xml">
						<LastModified Value="2021-06-03 14:33:36"/>
						<Specs>
							<Left Value="C:\Users\Collin.Xia\Desktop\LogConfig1\SASDecisionServicesEngine-log4j.xml"/>
							<Right Value="C:\Users\Collin.Xia\Desktop\LogConfig\SASDecisionServicesEngine-log4j.xml"/>
						</Specs>
					</TTextCompareSession>
					<TDirCompareSession Value="LogConfig1 &lt;--> LogConfig">
						<LastModified Value="2021-06-03 14:33:34"/>
						<Rules>
							<ContentCompareKind Value="ccCRC32"/>
							<UseContentComparison Value="True"/>
							<UseTimestampComparison Value="False"/>
						</Rules>
						<Specs>
							<Left Value="C:\Users\Collin.Xia\Desktop\LogConfig1"/>
							<Right Value="C:\Users\Collin.Xia\Desktop\LogConfig"/>
						</Specs>
						<State>
							<DisplayFilter Value="[showLeftAdded, showRightAdded, showLeftChanged, showRightChanged, showConflict]"/>
						</State>
					</TDirCompareSession>
					<TDirCompareSession Value="LogConfig &lt;--> backup">
						<LastModified Value="2021-06-03 13:53:50"/>
						<Specs>
							<Left Value="C:\Users\Collin.Xia\Desktop\LogConfig"/>
							<Right Value="C:\Users\Collin.Xia\Desktop\backup"/>
						</Specs>
						<State>
							<DisplayFilter Value="[showLeftAdded, showRightAdded, showLeftChanged, showRightChanged, showConflict]"/>
						</State>
					</TDirCompareSession>
					<TTextCompareSession Value="MAR06_database_update.sql &lt;--> MAR06_database_rollback.sql">
						<LastModified Value="2021-05-25 10:50:56"/>
						<Specs>
							<Left Value="D:\git\CRM\ma\2021\R06\PROD\MAR06_database_update.sql"/>
							<Right Value="D:\git\CRM\ma\2021\R06\PROD\MAR06_database_rollback.sql"/>
						</Specs>
					</TTextCompareSession>
					<TTextCompareSession Value="DTU.txt">
						<LastModified Value="2021-05-19 10:58:38"/>
						<Specs>
							<Left Value="C:\Users\Collin.Xia\Desktop\rtdm2\DTU.txt"/>
							<Right Value="C:\Users\Collin.Xia\Desktop\rtdm1\DTU.txt"/>
						</Specs>
					</TTextCompareSession>
					<TTextCompareSession Value="CHU.txt">
						<LastModified Value="2021-05-19 10:58:36"/>
						<Specs>
							<Left Value="C:\Users\Collin.Xia\Desktop\rtdm2\CHU.txt"/>
							<Right Value="C:\Users\Collin.Xia\Desktop\rtdm1\CHU.txt"/>
						</Specs>
						<State>
							<DisplayFilter Value="[showLeftMod, showRightMod, showDiffMod]"/>
						</State>
					</TTextCompareSession>
					<TDirCompareSession Value="rtdm2 &lt;--> rtdm1">
						<LastModified Value="2021-05-19 10:58:35"/>
						<Rules>
							<ContentCompareKind Value="ccCRC32"/>
							<UseContentComparison Value="True"/>
							<UseTimestampComparison Value="False"/>
						</Rules>
						<Specs>
							<Left Value="C:\Users\Collin.Xia\Desktop\rtdm2"/>
							<Right Value="C:\Users\Collin.Xia\Desktop\rtdm1"/>
						</Specs>
						<State>
							<DisplayFilter Value="[showLeftAdded, showRightAdded, showLeftChanged, showRightChanged, showConflict]"/>
						</State>
					</TDirCompareSession>
					<TTextCompareSession Value="appserver_autoexec_usermods.sas &lt;--> dev-appserver_autoexec_usermods.sas">
						<LastModified Value="2021-05-14 18:00:04"/>
						<Specs>
							<Left Value="C:\Users\Collin.Xia\Desktop\appserver_autoexec_usermods.sas"/>
							<Right Value="C:\Users\Collin.Xia\Desktop\dev-appserver_autoexec_usermods.sas"/>
						</Specs>
					</TTextCompareSession>
					<TTextCompareSession Value="$SAS_Activity_Resource_01.xml &lt;--> $SAS_Activity_Resource_02.xml">
						<LastModified Value="2021-05-14 18:00:02"/>
						<Specs>
							<Left Value="C:\Users\Collin.Xia\Desktop\$SAS_Activity_Resource_01.xml"/>
							<Right Value="C:\Users\Collin.Xia\Desktop\$SAS_Activity_Resource_02.xml"/>
						</Specs>
					</TTextCompareSession>
					<TTextCompareSession Value="aaa.txt &lt;--> bbb.txt">
						<LastModified Value="2021-05-07 18:05:12"/>
						<Specs>
							<Left Value="C:\Users\Collin.Xia\Downloads\aaa.txt"/>
							<Right Value="C:\Users\Collin.Xia\Downloads\bbb.txt"/>
						</Specs>
						<State>
							<DisplayFilter Value="[showLeftMod, showRightMod, showDiffMod]"/>
						</State>
					</TTextCompareSession>
					<TDirCompareSession Value="httpd-2.4 &lt;--> httpd-2.4.34">
						<LastModified Value="2021-05-07 09:43:36"/>
						<Rules>
							<ContentCompareKind Value="ccCRC32"/>
							<UseContentComparison Value="True"/>
							<UseTimestampComparison Value="False"/>
						</Rules>
						<Specs>
							<Left Value="C:\Users\Collin.Xia\Desktop\httpd-2.4"/>
							<Right Value="C:\Users\Collin.Xia\Desktop\httpd-2.4.34"/>
						</Specs>
						<State>
							<DisplayFilter Value="[showLeftAdded, showRightAdded, showLeftChanged, showRightChanged, showConflict]"/>
						</State>
					</TDirCompareSession>
					<TDirCompareSession Value="LogConfig1 &lt;--> LogConfig2">
						<LastModified Value="2021-04-19 13:56:01"/>
						<Rules>
							<UseTimestampComparison Value="False"/>
						</Rules>
						<Specs>
							<Left Value="C:\Users\Collin.Xia\Desktop\LogConfig1"/>
							<Right Value="C:\Users\Collin.Xia\Desktop\LogConfig2"/>
						</Specs>
					</TDirCompareSession>
					<TDirCompareSession Value="LogConfig3">
						<LastModified Value="2021-04-19 13:47:28"/>
						<Specs>
							<Left Value="C:\Users\Collin.Xia\Desktop\LogConfig3"/>
						</Specs>
					</TDirCompareSession>
					<TTextCompareSession Value="SASDecisionServicesEngine1-log4j.xml &lt;--> SASDecisionServicesEngine1-log4j.xml_2020-10-16-08.01.bak">
						<LastModified Value="2021-04-19 13:40:43"/>
						<Specs>
							<Left Value="C:\Users\Collin.Xia\Desktop\web1\SASDecisionServicesEngine1-log4j.xml"/>
							<Right Value="C:\Users\Collin.Xia\Desktop\web1\SASDecisionServicesEngine1-log4j.xml_2020-10-16-08.01.bak"/>
						</Specs>
					</TTextCompareSession>
					<TTextCompareSession Value="old.txt &lt;--> new.txt">
						<LastModified Value="2021-03-17 14:59:24"/>
						<Specs>
							<Left Value="C:\Users\Collin.Xia\Desktop\old.txt"/>
							<Right Value="C:\Users\Collin.Xia\Desktop\new.txt"/>
						</Specs>
					</TTextCompareSession>
					<TTextCompareSession Value="stp_response_integration_capp.sas &lt;--> stp_response_integration.sas">
						<LastModified Value="2021-03-09 10:09:42"/>
						<Specs>
							<Left Value="D:\工作资料\separate response integration process\new-20210308\2021-03-08 response integration CAPP\SASCode!Stp\stp_response_integration_capp.sas"/>
							<Right Value="D:\工作资料\separate response integration process\new-20210308\2021-03-08 response integration CAPP\bck\PROD\stp\stp_response_integration.sas"/>
						</Specs>
					</TTextCompareSession>
				</Items>
			</TSessionFolder>
			<TDirCompareSession>
				<State>
					<DisplayFilter Value="[showLeftAdded, showRightAdded, showLeftChanged, showRightChanged, showConflict]"/>
				</State>
			</TDirCompareSession>
		</Items>
	</TSessionFolder>
</BCSessions>
