<?xml version="1.0" encoding="UTF-8"?>
<!-- Produced by Beyond Compare 4 from Scooter Software -->
<BCState Version="1" MinVersion="1">
	<TBcState>
		<FirstStartup Value="False"/>
		<FormPositions>
			<TDirCompareSessionDialog Value="563;188;1263;892;;120"/>
			<TViewFrame Value="190;205;1822;1080;3;120"/>
		</FormPositions>
	</TBcState>
	<TDirCompareState>
		<LeftMRUSpecs>
			<_0 Value="C:\Users\Collin.Xia\Desktop\LogConfig3"/>
			<_1 Value="C:\Users\Collin.Xia\Desktop\LogConfig1"/>
			<_2 Value="C:\Users\Collin.Xia\Desktop\LogConfig"/>
			<_3 Value="C:\Users\Collin.Xia\Desktop\rtdm2"/>
			<_4 Value="C:\Users\Collin.Xia\Desktop\httpd-2.4"/>
			<_5 Value="C:\Users\Collin.Xia\Desktop\LogConfig4"/>
		</LeftMRUSpecs>
		<LogHeight Value="0"/>
		<RightMRUSpecs>
			<_0 Value="C:\Users\Collin.Xia\Desktop\LogConfig4"/>
			<_1 Value="C:\Users\Collin.Xia\Desktop\LogConfig"/>
			<_2 Value="C:\Users\Collin.Xia\Desktop\backup"/>
			<_3 Value="C:\Users\Collin.Xia\Desktop\rtdm1"/>
			<_4 Value="C:\Users\Collin.Xia\Desktop\httpd-2.4.34"/>
			<_5 Value="C:\Users\Collin.Xia\Desktop\LogConfig2"/>
			<_6 Value="C:\Users\Collin.Xia\Desktop\LogConfig3"/>
		</RightMRUSpecs>
		<ShowToolbar Value="False"/>
	</TDirCompareState>
	<THexCompareState>
		<LeftMRUSpecs>
			<_0 Value="C:\Users\tiany\Desktop\111\mautic\plugins\GrapesJsBuilderBundle\.git\index"/>
		</LeftMRUSpecs>
		<MRUFonts>
			<_0 Value="Consolas;10"/>
		</MRUFonts>
		<RightMRUSpecs>
			<_0 Value="C:\Users\tiany\Desktop\111\mautic-vm\plugins\GrapesJsBuilderBundle\.git\index"/>
		</RightMRUSpecs>
	</THexCompareState>
	<THomeState>
		<SessionType Value="TDirCompareSession"/>
	</THomeState>
	<TTextCompareState>
		<LeftMRUSpecs>
			<_0 Value="C:\Users\tiany\Desktop\111\mautic\app\config\local.php"/>
			<_1 Value="C:\Users\tiany\Desktop\111\mautic\vendor\autoload.php"/>
			<_2 Value="C:\Users\tiany\Desktop\111\mautic\codeception.yml"/>
			<_3 Value="C:\Users\Collin.Xia\Desktop\111.txt"/>
			<_4 Value="C:\Users\Collin.Xia\Desktop\ok.txt"/>
			<_5 Value="C:\Users\Collin.Xia\Desktop\1111\CI_sync_staging_CI_CONTACT_HISTORY_TO_MA.sas"/>
			<_6 Value="C:\Users\Collin.Xia\Desktop\1111\CI_sync_staging_CI_CONTACT_HISTORY_TO_MA.sas.new_20200716"/>
			<_7 Value="C:\Users\Collin.Xia\Desktop\CI_sync_staging_CI_CONTACT_HISTORY_TO_MA.sas"/>
			<_8 Value="C:\Users\Collin.Xia\Desktop\CI_Sync_History_To_MA_flow_CI_sync_staging_CI_CONTACT_HISTORY_TO_MA_2021.07.16_12.35.50.log"/>
		</LeftMRUSpecs>
		<MRUFonts>
			<_0 Value="Consolas;10"/>
		</MRUFonts>
		<RightMRUSpecs>
			<_0 Value="C:\Users\tiany\Desktop\111\mautic-vm\app\config\local.php"/>
			<_1 Value="C:\Users\tiany\Desktop\111\mautic-vm\vendor\autoload.php"/>
			<_2 Value="C:\Users\tiany\Desktop\111\mautic-vm\codeception.yml"/>
			<_3 Value="C:\Users\Collin.Xia\Desktop\222.txt"/>
			<_4 Value="C:\Users\Collin.Xia\Desktop\not ok.txt"/>
			<_5 Value="C:\Users\Collin.Xia\Desktop\1111\CI_sync_staging_CI_CONTACT_HISTORY_TO_MA.sas.new_20200716"/>
			<_6 Value="C:\Users\Collin.Xia\Desktop\1111\CI_sync_staging_CI_CONTACT_HISTORY_TO_MA.sas.old"/>
			<_7 Value="C:\Users\Collin.Xia\Desktop\CI_sync_staging_CI_CONTACT_HISTORY_TO_MA.sas.old"/>
			<_8 Value="C:\Users\Collin.Xia\Desktop\CI_sync_staging_CI_CONTACT_HISTORY_TO_MA.sas.bak_20210716"/>
		</RightMRUSpecs>
	</TTextCompareState>
	<TTextFindState>
		<FindItems>
			<_0 Value="ORA-"/>
			<_1 Value="between"/>
			<_2 Value="SASDecisionServicesEngine6.4.log"/>
		</FindItems>
		<ReplaceItems>
			<_0/>
		</ReplaceItems>
	</TTextFindState>
</BCState>
